stat_type,key,accident_count
municipality,あきる野市,25
municipality,あま市,8
municipality,あわら市,7
municipality,いすみ市,1
municipality,いちき串木野市,2
municipality,いなべ市,4
municipality,いなべ郡東員町,1
municipality,いわき市,43
municipality,うるま市,10
municipality,えびの市,5
municipality,えりも町,1
municipality,かすみがうら市,6
municipality,かほく市,4
municipality,さいたま大...,1
municipality,さいたま市,204
municipality,さくら市,12
municipality,さぬき市,1
municipality,たつの市,3
municipality,つくばし南...,1
municipality,つくばみらい市,6
municipality,つくば市,54
municipality,つくば西平...,1
municipality,にかほ市,2
municipality,ひたちなか市,45
municipality,ふじみ野市,4
municipality,みどり市,5
municipality,みなかみ市,1
municipality,みやま市,3
municipality,みよし市,1
municipality,むかわ町,1
municipality,むつ市,3
municipality,一宮市,38
municipality,一関市,20
municipality,七尾市,10
municipality,七条大宮京...,1
municipality,三ツ沢公園...,2
municipality,三井郡大刀洗町,1
municipality,三原市,7
municipality,三好市,1
municipality,三島市,24
municipality,三戸郡三戸町,2
municipality,三戸郡南部町,3
municipality,三戸郡新郷村,2
municipality,三戸郡田子町,2
municipality,三戸郡階上町,1
municipality,三方上中群若狭町,1
municipality,三方上中郡若狭町,6
municipality,三方郡美浜町,1
municipality,三方郡香美町,1
municipality,三木市,7
municipality,三条市,17
municipality,三沢市,7
municipality,三浦市,6
municipality,三浦郡葉山町,2
municipality,三笠市,3
municipality,三郷市,29
municipality,三重市,1
municipality,三重県四日市,2
municipality,三重郡川越町,2
municipality,三重郡朝日町,3
municipality,三重郡菰野町,9
municipality,三養基郡基山町,7
municipality,三鷹市,45
municipality,上京区,1
municipality,上伊那辰野...,1
municipality,上伊那郡宮田村,4
municipality,上伊那郡箕輪町,2
municipality,上伊那郡辰野町,1
municipality,上伊那郡飯島町,2
municipality,上信越自動...,1
municipality,上北郡おいらせ町,7
municipality,上北郡七戸町,4
municipality,上北郡六カ所村,1
municipality,上北郡六ケ所村,1
municipality,上北郡六ヶ...,1
municipality,上北郡六ヶ所村,3
municipality,上北郡六戸町,2
municipality,上北郡東北町,3
municipality,上北郡横浜町,3
municipality,上北郡野辺地町,4
municipality,上天草市,3
municipality,上富良野町,1
municipality,上尾市,13
municipality,上山市,9
municipality,上川郡　上川町,1
municipality,上川郡上川町,2
municipality,上川郡剣淵町,1
municipality,上川郡南富良野町,1
municipality,上川郡占冠町,1
municipality,上川郡和寒町,3
municipality,上川郡弟子屈町,2
municipality,上川郡当麻町,1
municipality,上川郡新得町,2
municipality,上川郡東神楽町,1
municipality,上川郡清水町,10
municipality,上川郡美瑛町,2
municipality,上川郡鷹栖町,4
municipality,上水内郡信濃町,2
municipality,上田市,13
municipality,上益城郡嘉島町,1
municipality,上益城郡山都町,1
municipality,上益城郡御船町,2
municipality,上益城郡益城町,2
municipality,上砂川町,1
municipality,上磯郡知内町,1
municipality,上越市,19
municipality,上郷町,1
municipality,上野原市,25
municipality,上閉伊郡大槌町,2
municipality,下京区,4
municipality,下伊那郡下條村,1
municipality,下伊那郡根羽村,1
municipality,下伊那郡阿智村,4
municipality,下伊那郡高森町,1
municipality,下北郡東通村,1
municipality,下呂市,5
municipality,下妻市,6
municipality,下新川郡入善町,2
municipality,下新川郡朝日町,3
municipality,下新川郡道...,1
municipality,下松市,2
municipality,下田市,7
municipality,下益城郡美里町,2
municipality,下都賀郡壬生町,4
municipality,下都賀郡野木町,1
municipality,下野市,12
municipality,下閉伊郡山田町,2
municipality,下閉伊郡岩泉町,1
municipality,下閉伊郡普代村,1
municipality,下関市,8
municipality,下高井群山ノ内町,1
municipality,下高井郡山ノ内町,5
municipality,不破郡垂井町,1
municipality,不破郡関ケ原町,1
municipality,与謝郡与謝野町,1
municipality,世田谷区,103
municipality,中井町,1
municipality,中京区,3
municipality,中区,3
municipality,中国道　上...,1
municipality,中城村,2
municipality,中央区,71
municipality,中央市,3
municipality,中央環状線...,1
municipality,中央自動車...,1
municipality,中央道上り...,1
municipality,中川郡中川町,1
municipality,中川郡幕別町,2
municipality,中川郡本別町,8
municipality,中川郡池田町,5
municipality,中川郡美深町,2
municipality,中川郡豊頃町,2
municipality,中川郡音威子府村,3
municipality,中巨摩郡昭和町,4
municipality,中新川郡上市,3
municipality,中新川郡上町,1
municipality,中新川郡立山町,3
municipality,中新川郡舟橋村,1
municipality,中村,1
municipality,中津川市,17
municipality,中津市,7
municipality,中能登町,1
municipality,中郡二宮町,5
municipality,中郡大磯町,4
municipality,中野区,59
municipality,中野市,3
municipality,中頭郡中城村,1
municipality,中頭郡北中城村,4
municipality,中頭郡北谷町,3
municipality,中頭郡読谷村,1
municipality,中魚沼郡津南町,1
municipality,丹後市,1
municipality,丹波市,2
municipality,丹波篠山市,2
municipality,丹生郡越前町,2
municipality,丹羽郡大口町,2
municipality,丹羽郡扶桑町,1
municipality,久世郡久御山町,9
municipality,久喜市,19
municipality,久慈市,4
municipality,久慈郡大子町,7
municipality,久留米市,4
municipality,久遠郡せたな町,1
municipality,乙訓郡大山崎町,7
municipality,九戸郡洋野町,1
municipality,九戸郡軽米町,3
municipality,亀山市,27
municipality,亀岡市,23
municipality,亀田郡七飯町,7
municipality,亀田郡峠下...,1
municipality,二戸市,5
municipality,二戸郡一戸町,6
municipality,二本松市,17
municipality,二海郡八雲町,15
municipality,五島市,1
municipality,五所川原市,5
municipality,五泉市,2
municipality,亘理郡亘理町,4
municipality,亘理郡山元町,1
municipality,交野市,5
municipality,京丹後市,13
municipality,京田辺市,10
municipality,京都市,567
municipality,京都府京丹後市,1
municipality,京都府京都市,2
municipality,京都縦貫自...,1
municipality,京都縦貫自動車道下り線　京丹波ＰＡ（船井郡京丹波町,1
municipality,人吉市,3
municipality,仁賀保市,1
municipality,今治市,1
municipality,仙北市,7
municipality,仙台市,448
municipality,伊万里市,2
municipality,伊丹市,5
municipality,伊予市,1
municipality,伊佐市,1
municipality,伊具郡丸森町,1
municipality,伊勢原市,14
municipality,伊勢崎市,16
municipality,伊勢市,6
municipality,伊東市,23
municipality,伊豆の国市,8
municipality,伊豆市,23
municipality,伊賀市,18
municipality,伊達市,10
municipality,伊達群国見町,1
municipality,伊達郡国見町,13
municipality,伊達郡川俣町,4
municipality,伊達郡桑折町,2
municipality,伊那市,8
municipality,伊那郡飯島町,1
municipality,伊都郡かつらぎ町,1
municipality,伏見区,1
municipality,会津市,1
municipality,会津若松市,34
municipality,佐世保市,21
municipality,佐久市,10
municipality,佐伯市,7
municipality,佐倉市,13
municipality,佐波郡板井町,1
municipality,佐波郡玉村,2
municipality,佐渡市,1
municipality,佐用郡佐用町,3
municipality,佐賀市,13
municipality,佐野市,30
municipality,余市,14
municipality,保土ケ谷区,4
municipality,倉敷市,6
municipality,備前市,5
municipality,児湯郡川南町,1
municipality,児湯郡新富町,1
municipality,児湯郡木城町,1
municipality,児玉群上里町,1
municipality,児玉郡上里町,7
municipality,児玉郡美里町,1
municipality,入間市,41
municipality,入間郡三芳町,12
municipality,入間郡毛呂山町,1
municipality,八代市,17
municipality,八代郡氷川町,3
municipality,八千代市,20
municipality,八尾市,8
municipality,八幡市,15
municipality,八幡平市,13
municipality,八幡辺市,1
municipality,八戸市,56
municipality,八潮市,10
municipality,八王子市,333
municipality,八街市,3
municipality,八重瀬町,1
municipality,六ヶ所村,1
municipality,出水市,3
municipality,出雲市,2
municipality,函館市,37
municipality,刈田郡七ヶ宿町,1
municipality,刈田郡蔵王...,1
municipality,刈田郡蔵王町,9
municipality,刈羽郡刈羽村,1
municipality,刈羽郡西山町,1
municipality,刈谷市,21
municipality,別府市,23
municipality,利根市,1
municipality,利根群みなかみ町,1
municipality,利根郡みなかみ村,1
municipality,利根郡みなかみ町,9
municipality,利根郡川場村,1
municipality,利根郡昭和村,4
municipality,利根郡昭和町,1
municipality,利根郡水上町,1
municipality,前橋市,37
municipality,前橋駅北口ロータリー内バス待機場　前橋市,1
municipality,加古川市,3
municipality,加東市,8
municipality,加美郡加美町,3
municipality,加美郡色麻町,1
municipality,加茂郡七宗町,2
municipality,加茂郡南伊豆町,1
municipality,加茂郡東伊豆町,1
municipality,加茂郡東白川村,1
municipality,加西市,2
municipality,加賀市,14
municipality,加須市,16
municipality,勇払郡むかわ町,6
municipality,勇払郡占冠...,1
municipality,勇払郡占冠村,11
municipality,勇払郡占冠町,1
municipality,勇払郡厚真町,3
municipality,勇払郡安平町,4
municipality,勇払郡鵡川町,1
municipality,勝山市,4
municipality,勝浦市,3
municipality,勝浦郡上勝町,1
municipality,北上市,32
municipality,北中城村,1
municipality,北九州市,18
municipality,北佐久郡千代田町,1
municipality,北佐久郡御代田町,2
municipality,北佐久郡立科町,1
municipality,北佐久郡蓼科町,1
municipality,北佐久郡軽井沢町,14
municipality,北区,83
municipality,北名古屋市,6
municipality,北安曇郡小谷村,2
municipality,北安曇郡白馬北城村,1
municipality,北安曇野郡小谷村,1
municipality,北広島市,36
municipality,北斗市,8
municipality,北本市,2
municipality,北村,2
municipality,北杜市,23
municipality,北松浦郡佐々町,2
municipality,北津軽郡板柳町,1
municipality,北津軽郡鶴田町,1
municipality,北海道えりも町,1
municipality,北海道夕張郡栗山町,1
municipality,北海道室蘭市,1
municipality,北海道恵庭市,1
municipality,北海道札幌市,1
municipality,北海道深川市,1
municipality,北海道空知郡南富良野町,2
municipality,北海道苫小牧市,1
municipality,北牟婁郡紀北町,1
municipality,北相馬郡利根町,3
municipality,北社市,1
municipality,北秋田市,3
municipality,北秋田郡上小阿仁村,1
municipality,北群馬郡吉岡町,2
municipality,北茨城市,5
municipality,北葛城郡広陵町,3
municipality,北葛城郡河合町,1
municipality,北葛飾郡杉戸町,1
municipality,北葛飾郡松伏町,5
municipality,北蒲原郡聖篭町,2
municipality,北蒲原郡聖籠町,3
municipality,北見市,13
municipality,北設楽郡東栄町,1
municipality,北設楽郡設...,1
municipality,北諸県郡三股町,1
municipality,北足立郡伊奈町,1
municipality,北都留郡小菅村,1
municipality,北関東自動...,1
municipality,北陸自動車道上市,1
municipality,北陸道...,1
municipality,匝瑳市,1
municipality,十勝郡浦幌町,7
municipality,十和田市,2
municipality,十日町,5
municipality,千代田区,74
municipality,千曲市,7
municipality,千歳市,31
municipality,千葉市,191
municipality,千葉県市,1
municipality,千葉美浜区,1
municipality,半田市,7
municipality,南あわじ市,3
municipality,南さつま市,3
municipality,南アルプス市,5
municipality,南丹市,6
municipality,南九州市,3
municipality,南会津郡下郷町,3
municipality,南会津郡南会津村,1
municipality,南会津郡南会津町,9
municipality,南会津郡只見町,2
municipality,南会津郡桧枝岐村,1
municipality,南会津郡檜枝岐村,1
municipality,南佐久郡佐久穂町,1
municipality,南佐久郡南牧村,1
municipality,南佐久郡小海町,1
municipality,南佐久郡川上村,1
municipality,南佐久郡川上町,1
municipality,南区,2
municipality,南島原市,4
municipality,南巨摩身延町,1
municipality,南巨摩軍南部町,1
municipality,南巨摩郡南部町,5
municipality,南巨摩郡身延町,3
municipality,南房総市,8
municipality,南条郡南越前町,12
municipality,南条郡越前町,1
municipality,南松浦郡新上五島町,2
municipality,南河内郡太子町,1
municipality,南津軽郡大鰐町,1
municipality,南牟婁郡御浜町,1
municipality,南相馬市,11
municipality,南砺市,17
municipality,南秋田郡五城目町,1
municipality,南秋田郡大潟村,1
municipality,南越前町,1
municipality,南足柄大雄...,1
municipality,南足柄市,4
municipality,南都留郡富士河口湖富士町,1
municipality,南都留郡富士河口湖町,8
municipality,南都留郡山中湖村,4
municipality,南都留郡河口湖町,1
municipality,南都留郡道志村,3
municipality,南都留郡鳴沢村,3
municipality,南陽市,9
municipality,南風原町,2
municipality,南魚沼市,7
municipality,南魚沼郡湯沢町,9
municipality,印旛郡酒々...,1
municipality,印旛郡酒々井町,9
municipality,印西市,8
municipality,厚別区,1
municipality,厚岸郡厚岸町,5
municipality,厚木妻田南...,1
municipality,厚木市,53
municipality,双葉郡双葉町,3
municipality,双葉郡大熊町,2
municipality,双葉郡富岡町,3
municipality,双葉郡広野町,1
municipality,双葉郡楢葉町,2
municipality,双葉郡浪江町,4
municipality,取手市,8
municipality,古河市,24
municipality,古賀市,2
municipality,可児市,8
municipality,可児郡御嵩町,1
municipality,台東区,43
municipality,右京区,2
municipality,各務原市,8
municipality,合志市,4
municipality,吉川市,8
municipality,吉田郡永平寺町,7
municipality,吉野郡上北山村,1
municipality,名取市,20
municipality,名古屋中川一色新町,1
municipality,名古屋千種区,2
municipality,名古屋市,824
municipality,名寄市,3
municipality,名張市,1
municipality,名東区,1
municipality,名護市,13
municipality,名阪国道２...,1
municipality,向日市,5
municipality,君津市,6
municipality,吹田市,18
municipality,吾妻郡嬬恋村,6
municipality,吾妻郡東吾妻町,3
municipality,吾妻郡草津町,6
municipality,吾妻郡長野原町,1
municipality,呉市,1
municipality,周南市,4
municipality,周智郡森区,1
municipality,周智郡森町,4
municipality,周防市,1
municipality,和光市,14
municipality,和歌山市,7
municipality,和気群和気町,1
municipality,和気郡和気町,4
municipality,和泉市,19
municipality,和賀郡西和賀町,6
municipality,品川区,71
municipality,員弁市,1
municipality,唐津市,9
municipality,喜多方市,7
municipality,四日市,36
municipality,四条畷市,1
municipality,四條畷市,4
municipality,四街道市,13
municipality,国分寺市,12
municipality,国東市,3
municipality,国立市,14
municipality,国頭郡今帰仁村,1
municipality,国頭郡国頭村,1
municipality,国頭郡恩納村,2
municipality,国頭郡本部町,1
municipality,国頭郡金武町,1
municipality,土岐市,11
municipality,土浦市,24
municipality,坂井市,13
municipality,坂出市,1
municipality,坂戸市,5
municipality,坂東市,8
municipality,垂水市,2
municipality,城陽市,5
municipality,埴科郡坂城町,6
municipality,埼玉児玉上...,1
municipality,埼玉県児玉郡上里町,1
municipality,堺市,93
municipality,塩尻市,17
municipality,塩竈市,6
municipality,塩谷郡塩谷町,3
municipality,塩釜市,4
municipality,増毛郡増毛町,1
municipality,墨田区,47
municipality,士別市,5
municipality,壱岐市,2
municipality,夕張市,7
municipality,夕張郡富野...,1
municipality,夕張郡栗山町,5
municipality,夕張郡由仁町,3
municipality,夕張郡長沼町,13
municipality,外環自動車...,1
municipality,多久市,7
municipality,多摩区,1
municipality,多摩市,65
municipality,多摩郡日の出町,1
municipality,多気郡多気町,3
municipality,多気郡大台町,3
municipality,多治見市,15
municipality,多賀城市,5
municipality,多野郡神流町,1
municipality,大仙市,17
municipality,大分市,45
municipality,大口町,1
municipality,大和市,23
municipality,大和郡山市,2
municipality,大和高田市,1
municipality,大垣市,13
municipality,大字市,1
municipality,大島郡徳之島町,2
municipality,大島郡瀬戸内町,1
municipality,大島郡知名町,1
municipality,大崎市,55
municipality,大府市,15
municipality,大月市,29
municipality,大月笹子黒...,1
municipality,大村,8
municipality,大東市,8
municipality,大沼郡会津美里町,4
municipality,大沼郡昭和村,2
municipality,大沼郡金山町,4
municipality,大津市,56
municipality,大牟田市,1
municipality,大田区,137
municipality,大田原市,7
municipality,大田市,3
municipality,大田田園調...,1
municipality,大町,8
municipality,大空町,1
municipality,大網市,1
municipality,大網白里南...,1
municipality,大網白里市,4
municipality,大舘市,1
municipality,大船渡市,7
municipality,大里郡寄居町,5
municipality,大野市,4
municipality,大野郡白川村,8
municipality,大野郡白川町,1
municipality,大阪市,741
municipality,大阪狭山市,1
municipality,大飯群　おおい町,1
municipality,大飯郡高浜町,5
municipality,大館市,11
municipality,天塩郡天塩町,1
municipality,天塩郡幌延町,5
municipality,天塩郡豊富町,2
municipality,天塩郡遠別町,1
municipality,天理市,5
municipality,天童市,4
municipality,天草市,3
municipality,太宰府市,2
municipality,太田市,29
municipality,太白区,2
municipality,夷隅市,1
municipality,夷隅郡大多喜町,1
municipality,奄美市,2
municipality,奈良市,9
municipality,奥州市,21
municipality,妙高市,7
municipality,姫路市,13
municipality,姶良市,14
municipality,姶良郡湧水町,2
municipality,嬉野市,3
municipality,嬉野町,1
municipality,宇佐市,5
municipality,宇土市,3
municipality,宇城市,9
municipality,宇治市,7
municipality,宇部市,1
municipality,宇都宮市,96
municipality,宇陀市,1
municipality,守口市,17
municipality,守山市,4
municipality,守谷市,11
municipality,安中市,38
municipality,安八郡安八町,6
municipality,安八郡輪之内町,1
municipality,安城市,13
municipality,安房郡鋸南町,3
municipality,安房鋸南町,1
municipality,安曇野市,9
municipality,安芸市,1
municipality,安芸高田市,1
municipality,安達太良郡大玉村,1
municipality,安達郡大玉村,1
municipality,宍粟市,1
municipality,宗像市,1
municipality,宗谷郡猿払村,2
municipality,宜野座村,1
municipality,宜野湾市,6
municipality,宝塚市,8
municipality,室蘭市,11
municipality,宮古島市,2
municipality,宮古市,4
municipality,宮城県大崎市,1
municipality,宮城県宮城郡利府町,1
municipality,宮城郡利府町,8
municipality,宮城郡松島町,10
municipality,宮城野区,1
municipality,宮崎市,30
municipality,宮崎県日南市,1
municipality,宮崎県西臼杵郡日之影町,1
municipality,宮津市,7
municipality,宮若市,1
municipality,富士吉田市,5
municipality,富士宮市,16
municipality,富士宮青木...,1
municipality,富士市,46
municipality,富士見市,2
municipality,富山市,50
municipality,富山県安養...,1
municipality,富岡市,4
municipality,富津市,5
municipality,富田林市,8
municipality,富良野市,8
municipality,富良野郡富良野市,1
municipality,富谷市,9
municipality,富里市,12
municipality,寒河江市,3
municipality,寝屋川市,14
municipality,寿都郡寿都町,2
municipality,寿都郡黒松前町,1
municipality,射水市,11
municipality,小千谷　関...,1
municipality,小千谷市,4
municipality,小城市,3
municipality,小山市,18
municipality,小平上水南町,1
municipality,小平市,33
municipality,小松市,28
municipality,小林市,4
municipality,小樽市,81
municipality,小浜市,8
municipality,小牧市,31
municipality,小田原市,44
municipality,小県郡長和町,1
municipality,小矢部区,1
municipality,小矢部市,13
municipality,小美玉市,8
municipality,小諸市,6
municipality,小谷村,2
municipality,小郡市,3
municipality,小金井市,22
municipality,尼崎市,19
municipality,尾張旭市,3
municipality,尾花沢市,7
municipality,尾道市,6
municipality,尾鷲市,2
municipality,山口市,6
municipality,山形市,32
municipality,山本郡三種町,4
municipality,山梨市,6
municipality,山梨県上野原市,3
municipality,山梨県北杜市,2
municipality,山梨県甲州市,2
municipality,山梨県甲斐市,1
municipality,山武市,6
municipality,山武郡九十九里町,1
municipality,山武郡横芝光町,2
municipality,山武郡芝山町,4
municipality,山県市,4
municipality,山県郡北広島町,1
municipality,山科区,2
municipality,山科市,1
municipality,山越郡長万部町,5
municipality,山辺郡山添村,6
municipality,山陽小野田市,1
municipality,山陽道　三...,1
municipality,山鹿市,3
municipality,岐阜市,19
municipality,岐阜県土岐市,1
municipality,岐阜県瑞浪市,1
municipality,岐阜県羽島市,1
municipality,岡山市,12
municipality,岡崎インタ...,1
municipality,岡崎市,54
municipality,岡谷市,5
municipality,岩倉市,5
municipality,岩内郡共和町,11
municipality,岩内郡岩内町,2
municipality,岩出市,1
municipality,岩国市,9
municipality,岩手県二戸市,1
municipality,岩手県盛岡市,1
municipality,岩手郡岩手町,5
municipality,岩手郡雫石町,2
municipality,岩槻区,1
municipality,岩沼市,10
municipality,岩瀬郡天栄村,1
municipality,岩瀬郡鏡石町,8
municipality,岩船郡関川村,3
municipality,岩見沢市,31
municipality,岩見沢栗沢町,1
municipality,岸和田市,6
municipality,島原市,3
municipality,島尻郡八重瀬町,1
municipality,島尻郡南風原町,2
municipality,島田市,12
municipality,川上郡標茶町,3
municipality,川上郡比布町,1
municipality,川上郡美瑛町,2
municipality,川口市,132
municipality,川崎区,1
municipality,川崎市,372
municipality,川崎氏川崎区,1
municipality,川市,1
municipality,川西市,5
municipality,川越市,58
municipality,川辺郡猪名川町,1
municipality,川辺郡神戸市,1
municipality,川�ｱ市,1
municipality,左京区,4
municipality,市原市,25
municipality,市川市,65
municipality,帯広市,24
municipality,常呂郡佐呂間町,2
municipality,常呂郡置戸町,1
municipality,常呂郡訓子府町,3
municipality,常滑市,5
municipality,常総市,8
municipality,常陸大宮市,13
municipality,常陸太田市,38
municipality,幌泉群えりも町,2
municipality,幌泉郡えりも町,2
municipality,平塚市,27
municipality,平川市,6
municipality,平戸市,2
municipality,幸区,1
municipality,幸手市,10
municipality,広尾郡大樹町,1
municipality,広尾郡広尾町,2
municipality,広島市,7
municipality,庄原市,4
municipality,府中市,52
municipality,度会郡南伊勢町,1
municipality,度会郡大紀町,1
municipality,度会郡玉城町,1
municipality,座間市,11
municipality,延岡市,9
municipality,廿日市,3
municipality,弘前市,13
municipality,弘前氏中野...,1
municipality,弥冨市,1
municipality,弥富市,8
municipality,彦根市,9
municipality,御前崎市,3
municipality,御所市,1
municipality,御殿場市,40
municipality,御殿場深沢...,1
municipality,志布志市,2
municipality,志摩市,3
municipality,志木市,8
municipality,恵庭市,18
municipality,恵那区,1
municipality,恵那市,11
municipality,愛甲郡愛川町,7
municipality,愛知市,1
municipality,愛知県名古屋市,2
municipality,愛知県瀬戸...,1
municipality,愛知県豊橋市,1
municipality,愛知県豊田市,2
municipality,愛知県長久手市,1
municipality,愛知郡愛壮町,1
municipality,愛知郡愛荘町,3
municipality,愛西市,5
municipality,成田市,42
municipality,我孫子市,7
municipality,戸塚区,2
municipality,戸田市,31
municipality,所沢市,63
municipality,手稲区,1
municipality,指宿市,1
municipality,掛川市,25
municipality,揖保郡太子町,1
municipality,揖斐郡揖斐川町,1
municipality,揖斐郡池田町,1
municipality,摂津市,15
municipality,敦賀市,37
municipality,文京区,34
municipality,斜里郡小清水町,1
municipality,斜里郡斜里町,5
municipality,斜里郡清里町,2
municipality,新冠郡新冠町,2
municipality,新千歳空港...,1
municipality,新名神高速...,1
municipality,新城市,21
municipality,新宮市,3
municipality,新宿区,107
municipality,新居浜市,1
municipality,新庄市,5
municipality,新座市,28
municipality,新潟市,131
municipality,新潟県新潟市,1
municipality,新潟県村,1
municipality,新潟県柏崎市,1
municipality,新潟県糸魚川市,3
municipality,新発田市,15
municipality,新見市,4
municipality,新見郡桑原町,1
municipality,新貝市,1
municipality,日光市,19
municipality,日南市,3
municipality,日向市,3
municipality,日田市,6
municipality,日立市,87
municipality,日置市,1
municipality,日進市,4
municipality,日野市,34
municipality,日野郡江府町,2
municipality,日高市,9
municipality,日高郡みなべ町,1
municipality,日高郡印南町,1
municipality,日高郡新ひだか町,1
municipality,早良区,1
municipality,旭区,1
municipality,旭川市,46
municipality,旭市,11
municipality,明石市,1
municipality,春日井市,25
municipality,春日部市,19
municipality,昭島市,6
municipality,曽於市,5
municipality,曽於郡大崎町,4
municipality,最上郡戸沢村,6
municipality,最上郡最上町,5
municipality,最上郡舟形町,3
municipality,最上郡金山町,4
municipality,最上郡鮭川村,1
municipality,有珠郡壮瞥町,3
municipality,朝倉市,3
municipality,朝倉郡筑前町,2
municipality,朝霞市,21
municipality,木更津市,31
municipality,木曽市,1
municipality,木曽郡上松町,5
municipality,木曽郡南木曽町,1
municipality,木曽郡大桑村,4
municipality,木曽郡木曽福島町,1
municipality,木曽郡木祖村,1
municipality,木津川市,2
municipality,木津市,1
municipality,本保町,1
municipality,本吉郡南三陸町,8
municipality,本宮...,1
municipality,本宮市,13
municipality,本巣市,3
municipality,本庄市,12
municipality,札幌北区,1
municipality,札幌市,661
municipality,杉並区,97
municipality,村上市,5
municipality,村上町,1
municipality,村山市,6
municipality,村田郡...,1
municipality,東みよし町,1
municipality,東久留米市,21
municipality,東京杉並永...,1
municipality,東京都杉並区,2
municipality,東京都練馬区,1
municipality,東京都足立区,1
municipality,東伯郡三朝町,1
municipality,東八代郡鰍沢町,1
municipality,東北上り３６９．６（路肩）【宮城県大崎市,1
municipality,東北自動車...,1
municipality,東卸市,1
municipality,東名阪自動...,1
municipality,東名高速道...,2
municipality,東品川４−...,1
municipality,東大和市,10
municipality,東大阪市,29
municipality,東山区,1
municipality,東広島市,8
municipality,東彼杵郡千...,1
municipality,東彼杵郡東彼杵町,2
municipality,東御市,7
municipality,東村,23
municipality,東松山市,12
municipality,東松島市,17
municipality,東根市,6
municipality,東津軽郡平内町,1
municipality,東海市,9
municipality,東海道国道...,1
municipality,東淀川区,1
municipality,東牟婁郡那智勝浦町,1
municipality,東田川郡三川町,2
municipality,東田川郡庄内町,6
municipality,東白川郡棚倉町,2
municipality,東筑摩郡生坂村,1
municipality,東筑摩郡筑北村,1
municipality,東筑摩郡筑北町,1
municipality,東置賜市,1
municipality,東置賜郡川西町,2
municipality,東置賜郡高畠町,2
municipality,東臼杵郡諸塚村,1
municipality,東臼杵郡門川町,1
municipality,東茨城郡城里町,6
municipality,東茨城郡大洗町,5
municipality,東茨城郡東海町,1
municipality,東茨城郡磯浜町,1
municipality,東茨城郡茨城町,6
municipality,東茨城郡鳥...,1
municipality,東蒲原郡賀町,1
municipality,東蒲原郡阿賀町,8
municipality,東近江市,16
municipality,東金市,9
municipality,東関東自動...,1
municipality,杵島郡白石町,1
municipality,杵築市,2
municipality,松前郡福島町,1
municipality,松原市,15
municipality,松戸市,62
municipality,松本市,23
municipality,松浦市,2
municipality,松阪市,15
municipality,板橋区,116
municipality,枕崎市,2
municipality,枚方市,49
municipality,枝幸郡枝幸町,3
municipality,枝幸郡浜頓別町,3
municipality,柏区,1
municipality,柏原市,2
municipality,柏崎市,25
municipality,柏市,54
municipality,柴田郡川崎町,12
municipality,柴田郡村,20
municipality,柴田郡東北...,1
municipality,柴田郡柴田町,2
municipality,栃木市,37
municipality,栗原市,18
municipality,栗東市,7
municipality,根室市,4
municipality,桐生市,5
municipality,桑名市,22
municipality,桜井市,1
municipality,桜川市,6
municipality,桧山郡上ノ国町,1
municipality,桧山郡厚沢部町,1
municipality,桶川市,17
municipality,榛原郡吉田町,3
municipality,榛原郡川根本町,2
municipality,様似群様似町,1
municipality,様似郡様似町,3
municipality,標津郡中標津町,4
municipality,横手市,19
municipality,横浜市,1097
municipality,横浜氏南区,1
municipality,横浜町,1
municipality,横須賀市,40
municipality,樺戸郡新十津川町,6
municipality,樺戸郡月形町,3
municipality,樺戸郡浦臼町,1
municipality,橋本市,1
municipality,橿原市,2
municipality,武蔵村,5
municipality,武蔵野市,46
municipality,武雄市,8
municipality,比企郡ときがわ町,1
municipality,比企郡吉見町,2
municipality,比企郡小川町,3
municipality,比企郡嵐山町,5
municipality,比企郡川島町,11
municipality,比企郡滑川町,2
municipality,比企郡鳩山町,1
municipality,気仙沼市,14
municipality,気仙郡住田町,2
municipality,水俣市,4
municipality,水戸市,192
municipality,氷見市,3
municipality,永平寺町,1
municipality,江別市,26
municipality,江南市,2
municipality,江戸川区,72
municipality,江東区,160
municipality,池田市,13
municipality,沖縄市,14
municipality,沖縄県宜野湾市,1
municipality,沖縄県石垣市,1
municipality,沖縄県那覇市,1
municipality,沙流郡日高町,15
municipality,河内郡上三川町,9
municipality,河内長野市,13
municipality,河北町,1
municipality,河北郡内灘町,3
municipality,河北郡津幡町,4
municipality,河東区,1
municipality,河東郡上士幌町,3
municipality,河東郡音更町,13
municipality,河東郡鹿追町,4
municipality,河沼郡会津坂下町,4
municipality,河沼郡柳津町,2
municipality,河沼郡湯川村,1
municipality,河西郡中札内村,1
municipality,河西郡更別村,2
municipality,河西郡芽室町,8
municipality,河西郡都染町,1
municipality,沼津市,48
municipality,沼田市,14
municipality,泉佐野市,20
municipality,泉北郡忠岡町,2
municipality,泉区,1
municipality,泉南市,6
municipality,泉南郡岬町,1
municipality,泉南郡田尻町,1
municipality,泉大津なぎさ町,1
municipality,泉大津市,9
municipality,泰野氏八沢...,1
municipality,洋光台駅タ...,1
municipality,洋野町,2
municipality,津久見市,1
municipality,津久見６４...,1
municipality,津山市,1
municipality,津島市,3
municipality,津市,19
municipality,洲本市,1
municipality,流山市,9
municipality,浅口市,2
municipality,浜松市,159
municipality,浦安市,24
municipality,浦安舞浜２...,1
municipality,浦河郡浦河町,4
municipality,浦添市,17
municipality,海南市,1
municipality,海津市,7
municipality,海津郡海津町,1
municipality,海老名市,42
municipality,海部郡大治町,5
municipality,海部郡蟹江町,7
municipality,海部郡飛島村,5
municipality,海部郡飛鳥村,2
municipality,淡路市,8
municipality,深川市,16
municipality,深谷市,10
municipality,清州市,1
municipality,清水区,5
municipality,清水市,1
municipality,清洲市,3
municipality,清瀬市,26
municipality,清田区,1
municipality,清須市,9
municipality,渋川市,14
municipality,渋谷区,97
municipality,港区,103
municipality,港南区,1
municipality,湖南市,6
municipality,湖西市,2
municipality,湯沢市,8
municipality,滋賀県大津市,1
municipality,滑川市,1
municipality,滝川市,14
municipality,滝川郡黄金町,1
municipality,滝沢市,7
municipality,潟上市,2
municipality,潮来市,2
municipality,瀬戸市,6
municipality,瀬棚郡今金町,1
municipality,焼津市,11
municipality,熊本市,29
municipality,熊本県水俣市,1
municipality,熊谷市,17
municipality,熊野市,1
municipality,熱海市,32
municipality,燕市,7
municipality,爾志郡乙部町,2
municipality,牛久中根２...,1
municipality,牛久市,11
municipality,牡鹿郡女川町,1
municipality,牧之原サー...,1
municipality,牧之原市,12
municipality,牧方市,1
municipality,犬上郡多賀町,4
municipality,犬上郡甲良町,1
municipality,犬山市,8
municipality,狛江市,9
municipality,狭山市,49
municipality,猿島郡五霞町,3
municipality,猿島郡堺町,1
municipality,猿島郡境町,6
municipality,猿島郡泉田...,1
municipality,玉名市,7
municipality,玉名郡南関町,3
municipality,玉名郡和水町,1
municipality,玉名郡長州町,1
municipality,玉名郡長洲町,1
municipality,玉山区,1
municipality,玖珠郡九重町,2
municipality,玖珠郡玖珠町,7
municipality,珠洲市,1
municipality,球磨郡五木村,1
municipality,球磨郡山江村,3
municipality,球磨郡水上村,1
municipality,球磨郡球磨村,1
municipality,球磨郡相良村,1
municipality,球磨郡錦町,1
municipality,瑞浪市,7
municipality,瑞穂区,1
municipality,瑞穂市,8
municipality,甘楽区,1
municipality,甘楽郡下仁田町,4
municipality,甘楽郡甘楽町,3
municipality,生駒郡安堵町,2
municipality,生駒郡斑鳩町,2
municipality,田原市,5
municipality,田川市,1
municipality,田川郡福智町,1
municipality,田川郡香春町,1
municipality,田方郡函南町,12
municipality,田村,8
municipality,田辺市,1
municipality,由利本荘市,17
municipality,由布市,12
municipality,甲州市,15
municipality,甲府市,14
municipality,甲斐市,12
municipality,甲賀市,27
municipality,男鹿市,1
municipality,町田市,65
municipality,留寿都郡黒松内町,1
municipality,留萌市,2
municipality,留萌郡小平町,3
municipality,登別市,15
municipality,登米区,1
municipality,登米市,13
municipality,白井市,6
municipality,白山市,13
municipality,白岡市,6
municipality,白河中央ス...,1
municipality,白河市,23
municipality,白河郡西郷村,1
municipality,白石市,10
municipality,白糠群白糠町,1
municipality,白糠郡白糠町,2
municipality,白老郡白老町,10
municipality,盛岡市,25
municipality,目梨郡羅臼町,1
municipality,目黒区,46
municipality,目黒市,1
municipality,相楽郡和束町,1
municipality,相楽郡笠置町,1
municipality,相楽郡精華町,2
municipality,相模原市,82
municipality,相生市,4
municipality,相馬市,3
municipality,相馬郡新地町,3
municipality,相馬郡飯館村,3
municipality,県伊東市,1
municipality,県御殿場市,1
municipality,県新座市,1
municipality,真岡市,8
municipality,真庭市,3
municipality,矢板市,13
municipality,知多市,1
municipality,知多郡南知多町,2
municipality,知多郡東浦町,1
municipality,知多郡美浜町,2
municipality,知立市,6
municipality,石垣市,12
municipality,石岡市,6
municipality,石川市,1
municipality,石川県小松市,1
municipality,石川郡古殿町,1
municipality,石川郡平田村,2
municipality,石川郡玉川村,1
municipality,石川郡石川町,3
municipality,石巻市,9
municipality,石狩市,34
municipality,石狩郡当別町,7
municipality,石狩郡新篠津村,2
municipality,砂川市,18
municipality,砺波市,10
municipality,碧南市,4
municipality,磐田市,28
municipality,磯谷郡蘭越町,1
municipality,神埼郡吉野ヶ里町,2
municipality,神埼郡神河町,1
municipality,神奈川区,2
municipality,神奈川県川崎市,4
municipality,神奈川県鎌倉市,1
municipality,神奈川県高座郡寒川町,1
municipality,神崎郡吉野ヶ里町,1
municipality,神戸市,35
municipality,神戸淡路鳴...,1
municipality,神栖市,15
municipality,神�ｱ郡吉野ヶ里町,1
municipality,福井市,39
municipality,福山市,7
municipality,福岡市,13
municipality,福岡県久留米市,1
municipality,福島市,53
municipality,福島県耶麻郡西会津町,1
municipality,福津市,1
municipality,福生市,5
municipality,福知山市,6
municipality,秋田市,57
municipality,秋田県男鹿市,1
municipality,秋葉山古墳...,1
municipality,秦野市,20
municipality,秩父市,15
municipality,秩父郡小鹿野町,2
municipality,秩父郡小鹿野飯田町,1
municipality,秩父郡東秩父村,1
municipality,稚内市,4
municipality,稲城市,15
municipality,稲城氏百村,1
municipality,稲敷市,13
municipality,稲敷郡河内町,2
municipality,稲敷郡美浦村,1
municipality,稲敷郡阿見町,4
municipality,稲沢市,8
municipality,積丹郡積丹町,6
municipality,空知郡上富良野町,2
municipality,空知郡上砂川町,2
municipality,空知郡南富良野町,4
municipality,空知郡南幌町,6
municipality,空知郡奈井江町,1
municipality,立川市,23
municipality,竹田市,6
municipality,笛吹市,13
municipality,笠岡市,4
municipality,笠間市,26
municipality,笹子大字吉...,1
municipality,筑紫野市,6
municipality,筑西市,12
municipality,箕面市,16
municipality,箱根町,1
municipality,篠山市,1
municipality,米原市,13
municipality,米沢市,12
municipality,糟屋郡新宮町,1
municipality,糟屋郡粕屋町,2
municipality,糸島市,1
municipality,糸島氏二丈町,1
municipality,糸魚川市,20
municipality,紋別市,4
municipality,紋別郡湧別町,4
municipality,紋別郡滝上町,1
municipality,紋別郡興部町,6
municipality,紋別郡遠軽町,5
municipality,紋別郡雄武町,1
municipality,紫波郡矢巾町,7
municipality,紫波郡紫波町,5
municipality,結城市,4
municipality,結城郡八千代町,1
municipality,網走市,6
municipality,網走郡大空町,2
municipality,網走郡津別町,5
municipality,網走郡美幌町,4
municipality,綴喜郡井手町,2
municipality,綴喜郡宇治田原町,3
municipality,綾瀬市,26
municipality,綾部　舞鶴...,1
municipality,綾部市,3
municipality,緑区,1
municipality,練馬区,122
municipality,美作市,1
municipality,美唄市,3
municipality,美濃加茂市,5
municipality,美濃市,3
municipality,美瑛町,1
municipality,美祢市,9
municipality,美馬市,1
municipality,群馬県吾妻郡嬬恋村,3
municipality,群馬県安中市,1
municipality,群馬県藤岡市,1
municipality,群馬県高崎市,2
municipality,羽咋市,7
municipality,羽咋郡上棚町,1
municipality,羽咋郡志賀町,3
municipality,羽島市,9
municipality,羽島郡岐南町,5
municipality,羽島郡笠松町,3
municipality,羽曳野市,8
municipality,羽村,25
municipality,羽生市,11
municipality,羽生弥勒五...,1
municipality,習志野市,32
municipality,耶麻群磐梯町,1
municipality,耶麻郡北塩原村,3
municipality,耶麻郡猪苗代町,13
municipality,耶麻郡磐梯町,1
municipality,耶麻郡西会津町,2
municipality,肝属郡南大隅町,1
municipality,肝属郡田代町,1
municipality,肝属郡肝付町,1
municipality,胆沢郡金ケ...,1
municipality,胆沢郡金ケ崎町,3
municipality,胆沢郡金ヶ崎町,1
municipality,胎内市,8
municipality,能代市,8
municipality,能美市,2
municipality,臼杵市,6
municipality,舞鶴市,8
municipality,船井郡丹波町,2
municipality,船井郡京丹波町,5
municipality,船橋市,81
municipality,船橋西浦１...,1
municipality,芦別市,4
municipality,芦屋市,3
municipality,花小金井駅...,1
municipality,花巻市,26
municipality,芳賀郡市,1
municipality,芳賀郡益子町,3
municipality,芳賀郡芳賀町,2
municipality,芳賀郡茂木町,6
municipality,若狭上仲イ...,1
municipality,若葉区,1
municipality,苫前郡初山別村,1
municipality,苫前郡羽幌町,1
municipality,苫前郡苫前町,3
municipality,苫小牧市,42
municipality,茂原市,2
municipality,茅ヶ崎市,20
municipality,茅部郡森町,2
municipality,茅部郡鹿部町,1
municipality,茅野市,13
municipality,茨城県水戸市,1
municipality,茨城県神栖市,1
municipality,茨城道つくば市,1
municipality,茨城郡茨城町,1
municipality,茨木市,30
municipality,茶志内...,1
municipality,草加市,26
municipality,草津バス停...,1
municipality,草津市,10
municipality,荒尾市,1
municipality,荒川区,27
municipality,菊川市,6
municipality,菊池市,3
municipality,菊池郡大津町,1
municipality,菊池郡菊陽町,4
municipality,葛城市,3
municipality,葛飾区,45
municipality,葦北郡芦北町,1
municipality,葵区,1
municipality,蒲生郡日野町,4
municipality,蒲生郡竜王町,5
municipality,蒲郡市,6
municipality,蓮田市,9
municipality,蕨市,13
municipality,薩摩川内市,12
municipality,薩摩郡さつま町,1
municipality,藤井寺市,3
municipality,藤岡市,8
municipality,藤枝市,20
municipality,藤沢市,33
municipality,蘭越町,1
municipality,虻田郡ニセコ町,7
municipality,虻田郡倶知安町,17
municipality,虻田郡喜茂別町,6
municipality,虻田郡洞爺湖町,3
municipality,虻田郡留寿都村,2
municipality,虻田郡豊浦町,2
municipality,行方市,8
municipality,行橋市,1
municipality,行田市,7
municipality,袋井市,9
municipality,袖ケ浦市,5
municipality,袖ヶ浦市,3
municipality,裾野市,13
municipality,西京区,2
municipality,西伯郡伯耆町,1
municipality,西伯郡大山町,1
municipality,西八代郡市,1
municipality,西区,3
municipality,西多摩郡奥多摩町,1
municipality,西多摩郡日の出町,5
municipality,西多摩郡檜原村,5
municipality,西多摩郡瑞穂町,5
municipality,西宮市,20
municipality,西尾市,11
municipality,西彼杵郡時津町,2
municipality,西春日井郡豊山町,1
municipality,西村,12
municipality,西条市,1
municipality,西東京市,57
municipality,西東京田無町,1
municipality,西松浦郡有田町,2
municipality,西津軽郡深浦町,1
municipality,西津軽郡鰺ヶ沢町,2
municipality,西海市,4
municipality,西牟婁郡上富田町,1
municipality,西白河郡小...,1
municipality,西白河郡泉崎村,2
municipality,西白河郡矢吹町,6
municipality,西白河郡西郷村,2
municipality,西盤井郡平泉町,1
municipality,西磐井郡平泉町,1
municipality,西置賜郡小国町,3
municipality,西置賜郡白鷹町,3
municipality,西置賜郡飯豊町,1
municipality,西脇市,2
municipality,西臼杵群五ヶ瀬町,1
municipality,西臼杵郡日の影町,1
municipality,西臼杵郡日之影町,2
municipality,西臼杵郡高千穂町,2
municipality,西蒲区,1
municipality,西都市,5
municipality,見附市,2
municipality,角田市,3
municipality,調布市,35
municipality,調布西つつ...,1
municipality,諏訪市,10
municipality,諏訪郡下諏訪町,2
municipality,諏訪郡原村,2
municipality,諏訪郡富士見町,6
municipality,諫早市,6
municipality,豊中市,46
municipality,豊岡市,1
municipality,豊島区,66
municipality,豊川市,31
municipality,豊川氏長沢町,1
municipality,豊後大野市,3
municipality,豊後高田市,1
municipality,豊明市,6
municipality,豊橋市,37
municipality,豊橋氏東細谷町,1
municipality,豊浦町,1
municipality,豊田市,48
municipality,豊能郡能勢町,2
municipality,豊能郡豊能町,5
municipality,豊見城市,8
municipality,豊見城村,1
municipality,貝塚市,5
municipality,賀茂郡南伊豆町,3
municipality,賀茂郡東伊豆町,3
municipality,賀茂郡松崎町,2
municipality,賀茂郡河津町,4
municipality,賀茂郡西伊豆町,2
municipality,赤平市,9
municipality,赤穂市,5
municipality,越前市,13
municipality,越前町,1
municipality,越谷市,20
municipality,足利市,7
municipality,足寄郡足寄町,4
municipality,足寄郡陸別町,2
municipality,足柄上区,1
municipality,足柄上郡中井町,6
municipality,足柄上郡中村,1
municipality,足柄上郡大井町,8
municipality,足柄上郡山北町,16
municipality,足柄上郡松...,1
municipality,足柄上郡松田町,3
municipality,足柄上郡湯河原町,1
municipality,足柄上郡箱根町,2
municipality,足柄上郡開成町,2
municipality,足柄下区,1
municipality,足柄下市,1
municipality,足柄下郡湯河原町,6
municipality,足柄下郡真鶴町,4
municipality,足柄下郡箱根町,113
municipality,足立区,73
municipality,軽米町,1
municipality,輪島市,4
municipality,近江八幡市,4
municipality,逗子市,7
municipality,速見郡日出町,2
municipality,道央自動車...,1
municipality,遠田郡涌谷町,2
municipality,遠田郡美里町,3
municipality,遠野市,6
municipality,遠野群美里町,1
municipality,邑楽群邑楽町,1
municipality,邑楽郡千代田町,3
municipality,邑楽郡大泉町,6
municipality,邑楽郡明和町,2
municipality,邑楽郡板倉町,1
municipality,邑楽郡邑楽町,1
municipality,那珂川町,1
municipality,那珂市,12
municipality,那珂郡東海村,15
municipality,那覇市,58
municipality,那須塩原市,35
municipality,那須烏山市,2
municipality,那須郡　東...,1
municipality,那須郡大字...,1
municipality,那須郡那珂川町,2
municipality,那須郡那須...,1
municipality,那須郡那須町,20
municipality,那須高原市,1
municipality,郡上市,14
municipality,郡山市,47
municipality,都城市,17
municipality,都留区,1
municipality,都留市,2
municipality,酒田市,11
municipality,野々市,2
municipality,野付郡別海町,7
municipality,野洲市,8
municipality,野田市,23
municipality,金武町,1
municipality,金沢市,41
municipality,釜石市,5
municipality,釧路市,33
municipality,釧路郡釧路町,5
municipality,鈴鹿市,16
municipality,鉾田市,9
municipality,銚子市,8
municipality,鍛冶ヶ谷バ...,1
municipality,鎌ケ谷市,6
municipality,鎌ヶ谷市,1
municipality,鎌倉市,17
municipality,長久手市,6
municipality,長井市,2
municipality,長岡京友岡...,1
municipality,長岡京市,7
municipality,長岡市,36
municipality,長崎市,113
municipality,長沼町,1
municipality,長沼錦町,1
municipality,長浜市,13
municipality,長生郡一宮町,1
municipality,長生郡白子...,1
municipality,長生郡白子町,1
municipality,長生郡長生村,1
municipality,長野市,23
municipality,長野県上伊郡中川村,1
municipality,長野県上田市,3
municipality,長野県下伊那郡阿智村,1
municipality,長野県下伊那郡高森町,1
municipality,長野県中野市,1
municipality,長野県北佐久郡軽井沢町,2
municipality,長野県南佐久郡佐久穂町,1
municipality,長野県南佐久郡小海町,1
municipality,長野県埴科郡坂城町,1
municipality,長野県塩尻市,1
municipality,長野県安曇野市,3
municipality,長野県小諸市,1
municipality,長野県岡谷市,1
municipality,長野県木曽郡日義村,1
municipality,長野県東御市,1
municipality,長野県松本市,10
municipality,長野県茅野市,2
municipality,長野県長野市,7
municipality,長野県青木島町,1
municipality,長野県須坂市,1
municipality,長野県飯田市,2
municipality,門真市,10
municipality,関ヶ原　安...,1
municipality,関市,6
municipality,関越自動車...,1
municipality,関越道上り...,1
municipality,関越道下り...,2
municipality,関越道越後...,1
municipality,阪急池田駅...,1
municipality,阪神高速５...,1
municipality,阪神１１号...,1
municipality,防府市,11
municipality,阿久根市,3
municipality,阿寒郡鶴居村,1
municipality,阿波市,1
municipality,阿蘇市,8
municipality,阿蘇郡南阿...,1
municipality,阿蘇郡小国町,1
municipality,阿賀町,1
municipality,阿賀野市,2
municipality,陸前高田市,6
municipality,雄勝郡東成瀬村,1
municipality,雄勝郡羽後町,1
municipality,雨竜群妹背牛町,1
municipality,雨竜郡北竜町,1
municipality,雨竜郡妹背牛町,3
municipality,雨竜郡幌加内町,6
municipality,雨竜郡沼田町,1
municipality,雲仙市,4
municipality,霧島市,14
municipality,青梅市,29
municipality,青森市,34
municipality,青森県上北郡七戸町,1
municipality,青海町,1
municipality,青葉区,1
municipality,静岡市,108
municipality,静岡県御殿場市,1
municipality,静岡県駿東郡小山町,1
municipality,静岡駅北口...,1
municipality,韮崎市,3
municipality,順化２丁目...,1
municipality,須賀川市,12
municipality,額田郡幸田町,5
municipality,飛騨市,10
municipality,飯塚市,4
municipality,飯山市,2
municipality,飯田市,6
municipality,飯能市,14
municipality,飽海郡遊佐町,2
municipality,養父市,2
municipality,養老郡養老町,11
municipality,館山市,6
municipality,館林市,14
municipality,館林郡大街...,1
municipality,香取市,10
municipality,香取郡多古町,2
municipality,香取郡東庄町,1
municipality,香取郡神埼町,1
municipality,香取郡神崎...,1
municipality,香取郡神崎町,1
municipality,香芝市,3
municipality,駒ヶ根市,2
municipality,駿東軍御殿場市,1
municipality,駿東郡小山町,18
municipality,駿東郡清水町,5
municipality,駿東郡長泉町,5
municipality,駿河区,1
municipality,高山市,24
municipality,高岡市,17
municipality,高島市,11
municipality,高崎市,48
municipality,高座郡寒川町,8
municipality,高松市,2
municipality,高根沢町,1
municipality,高槻市,52
municipality,高槻緑が丘...,1
municipality,高槻芝生町,1
municipality,高浜市,6
municipality,高石市,2
municipality,高萩市,7
municipality,魚沼市,3
municipality,魚津市,8
municipality,鯖江市,6
municipality,鳥取市,5
municipality,鳥栖市,9
municipality,鳥羽市,1
municipality,鳳珠郡穴水町,3
municipality,鳳珠郡能登町,2
municipality,鳴門市,2
municipality,鴨川市,5
municipality,鴻巣市,12
municipality,鶴ヶ島市,9
municipality,鶴岡市,16
municipality,鶴見区,4
municipality,鹿児島市,79
municipality,鹿児島県鹿児島市,1
municipality,鹿屋市,8
municipality,鹿島市,4
municipality,鹿島郡中能登町,1
municipality,鹿嶋市,6
municipality,鹿沼市,9
municipality,鹿角市,17
municipality,鹿角郡小坂町,4
municipality,麻耶郡猪苗代町,3
municipality,麻耶郡磐梯町,1
municipality,黒川郡大和町,10
municipality,黒川郡大衡村,5
municipality,黒川郡大衡町,1
municipality,黒川郡大郷町,2
municipality,黒部市,4
municipality,鼎名古熊...,1
municipality,龍ケ崎市,2
municipality,龍ヶ崎市,5
municipality,龍野市,1
accident_type,その他,42
accident_type,交通障害,235
accident_type,健康起因,1374
accident_type,危険物等,32
accident_type,救護違反,169
accident_type,死傷,2338
accident_type,火災,631
accident_type,衝突,2637
accident_type,路外逸脱,19
accident_type,踏切,21
accident_type,車両故障,10095
accident_type,車内,936
accident_type,転落,442
accident_type,転覆,624
accident_type,飲酒等(無免許),45
accident_type,飲酒等(無資格),12
accident_type,飲酒等(酒気帯び),130
accident_type,飲酒等(麻薬),2
time_period,夜 (18-24時),3335
time_period,昼 (12-18時),6796
time_period,朝 (6-12時),7424
time_period,深夜 (0-6時),2229
